{
  "SPDXID": "SPDXRef-DOCUMENT",
  "spdxVersion": "SPDX-2.3",
  "creationInfo": {
    "created": "2025-04-09T12:59:30Z",
    "creators": [
      "Organization: NXP"
    ],
    "licenseListVersion": "3.20"
  },
  "name": "PFE-FW_S32G-1.11.0",
  "dataLicense": "CC0-1.0",
  "hasExtractedLicensingInfos": [
    {
      "licenseId": "LicenseRef-0bf09b82-deb9-4e6c-aa4a-83cb2af6c41c",
      "extractedText": "NXP S32 PLATFORM SOFTWARE LICENSE AGREEMENT v1.10 September 2024\n\nIMPORTANT.  Read the following NXP S32 Platform Software License Agreement (“Agreement”) completely. By selecting the “I Accept” button at the end of this page, or by downloading, installing, or using the Software, you indicate that you accept the terms of the Agreement, and you acknowledge that you have the authority, for yourself or on behalf of your company, to bind your company to these terms. You may then download or install the file(s). In the event of a conflict between the terms of this Agreement and any license terms and conditions for NXP’s proprietary software embedded anywhere in the Software file(s), the terms of this Agreement shall control.  If a separate license agreement for the Software has been signed by you or your company and NXP, then that agreement shall govern your use of the Software and shall supersede this Agreement.\n\nNXP S32 PLATFORM SOFTWARE LICENSE AGREEMENT\n\nThis is a legal agreement between your employer, of which you are an authorized representative, or, if you have no employer, you as an individual (“Licensee”), and NXP USA, Inc., if Licensee is located within the United States or NXP Semiconductors Netherlands B.V., if Licensee if located outside of the United States (“NXP”).  It concerns Licensee’s rights to use the Software provided to Licensee in binary or source code form and any accompanying written materials. The Software may include any updates or error corrections or documentation relating to the Software provided to Licensee by NXP under this Agreement. In consideration for NXP allowing Licensee to access the Software, Licensee is agreeing to be bound by the terms of this Agreement. If Licensee does not agree to the terms of this Agreement, Licensee should not download or install the Software. If Licensee later changes its mind, Licensee should stop using the Software and delete all copies of the Software in Licensee’s possession or control. Any copies of the Software that Licensee has already distributed, where permitted, and does not destroy will continue to be governed by this Agreement. Licensee’s prior use will also continue to be governed by this Agreement.\n\n1.              DEFINITIONS\n\nFor purposes of this Agreement the following terms are defined as set forth below:\n\n“Authorized System” means either (i) the Authorized System set forth in the Quotation Document or, if none is specified, Licensee’s electronic control unit product, in either case, containing an NXP Target Product or (ii) Licensee’s software program which is used exclusively in connection with an NXP Target Product and with which the Software will be integrated.\n\n“Confidential Information” means any information disclosed by NXP to Licensee and, (i) if disclosed in writing or in some other tangible form, that is marked at the time of disclosure as being “Confidential” or “Proprietary” or with words of similar import, (ii) if disclosed orally or by inspection, is identified at the time of disclosure as confidential and is summarized in a written memorandum transmitted to Licensee within 30 days after such disclosure with enough specificity for identification purpose or (iii) which a reasonable person would recognize as confidential or proprietary considering the nature of the information and the circumstances of disclosure; provided, that the Software will be deemed Confidential Information whether or not identified as such in writing or otherwise. Confidential Information does not include any information that: (a) is, or becomes, publicly known through no wrongful act on Licensee’s part; (b) is already known to Licensee, or becomes lawfully known to Licensee, without restriction on disclosure; or (c) is independently developed by Licensee without use of or reference to any of NXP’s Confidential Information.\n\n“Customer Target Project” means Licensee’s singular Target Project specified in the Quotation Document or, if none is specified, Licensee’s development of a single Authorized System.\n\n“Effective Date” means the date Licensee selects the “I Accept” button for this Agreement, or downloads, installs, or uses the Software.\n\n“Warranty Start Date” means the later of either (i) the date of purchase of the license or warranty option of the Software by Licensee or (ii) the date of the first production release of the Software by NXP.\n\n“Intellectual Property Rights” means any and all rights under statute, common law or equity in and under copyrights, trade secrets, and patents (including utility models), and analogous rights throughout the world, including any applications for and the right to apply for, any of the foregoing.\n\n“Limited Derivative Works” means derivative works of the Software only to the extent the copyrighted material provided by NXP is not modified, including only the following: (i) adding source code to source code provided by NXP without modification to the original source code; (ii) compiling any source code into object code, and (iii) integrating the NXP source code into Licensee’s Authorized System without modifying the original source code.\n\n“NXP Target Product” means the programmable processing units supplied directly or indirectly by NXP or an NXP Affiliate as specified (i) in Exhibit A for use with the Software or (ii) in the Quotation Document.  “NXP Affiliate” means any corporation or other legal entity that now or hereafter Controls, is Controlled by or is under common Control with NXP; where “Control” means the direct or indirect ownership of greater than fifty percent (50%) of the shares or similar interests entitled to vote for the election of directors or other persons performing similar functions. An entity is considered an NXP Affiliate only so long as such Control exists.\n\n“OEM” means a vehicle manufacturer that purchases Authorized Systems from Licensee and incorporates the Authorized Systems into its vehicles.\n\n“Open Source Software” means any software that is subject to terms that, as a condition of use, copying, modification or redistribution, require such software and/or derivative works thereof to be disclosed or distributed in source code form, to be licensed for the purpose of making derivative works, or to be redistributed free of charge, including without limitation software distributed under the GNU General Public License or GNU Lesser/Library and General Public License, Apache or BSD. For clarity, Open Source Software includes software developed by NXP which NXP licenses under open source licensing terms.\n\n“Premium Software” means any Software beyond NXP’s standard Software offering, which is labeled “premium” either (i) in the Quotation Document or (ii) in the Software tables in Exhibit A.\n\n“Quotation Document” means the NXP or NXP authorized reseller document offering the Software, which formed the basis of Licensee’s order, and which is incorporated herein by this reference.\n\n“Software” means the software and documentation, licensed to Licensee under this Agreement, including software detailed in the Quotation Document, if any.\n\n\"Software Release Note” or “SRN” means the document included in the documentation in the Software download package that identifies, amongst other things, the Software license classification, changes, and improvements.\n\n“Standard Software” means any Software in NXP’s standard Software offering, which is labeled “standard” either (i) in the Quotation Document or (ii) in the Software tables in Exhibit A.\n\n“Third Party Software” means any software included with the Software that is not NXP proprietary software and is not Open Source Software, and for which different license terms apply, as detailed in Exhibit A.\n\n2.              LICENSE GRANT\n\nLicensee is granted a license to the Software per the relevant license classification as described in Sections 2(a)-(e) below.  The relevant license classification is specified (a) in the Quotation Document, or (b) if no Quotation Document is issued, the classification specified in the Software Release Note.  In absence of either (a) or (b) of the foregoing, then the evaluation non-production license classification set out in Section 2(a) applies.\n\n(a)            Evaluation Non-Production License.  This Section applies to Software classified in the relevant Quotation Document or SRN as “Evaluation Non-Production”, or as otherwise applicable as stated above, and subject to any additional restrictions stated in the Quotation Document.  NXP grants to Licensee, free of charge, a personal, non-transferable, non-exclusive, revocable, royalty-free, license to use the Software for one (1) year from the Effective Date, internally, solely for the purpose of performing evaluation and testing of the Software, solely on an NXP Target Product.  This license does not include any right(s) (1) to reproduce, distribute, sell, lease, sublicense or transfer all or any part of the Software; (2) to use the Software on non-NXP integrated circuit devices; or (3) to use the Software for any production purposes whatsoever.  Evaluation Non-Production Software is provided “AS-IS” and without warranty.  Sections 9 and 10 shall not apply to evaluation licenses granted under this Section 2(a).\n\n(b)            Development Non-Production License.  This Section applies to Software classified in the relevant Quotation Document or SRN as “Development Non-Production” and subject to any additional restrictions stated in the Quotation Document.  Exclusively in conjunction with Licensee’s development of an Authorized System, NXP grants to Licensee, free of charge, a personal, non-transferable, non-exclusive, revocable, royalty free, license (1) to use the Software solely on the NXP Target Product; (2) to reproduce the Software; and (3) for Software provided to Licensee in source code form (human readable), to prepare Limited Derivative Works of the Software.  This license does not include (1) any right to distribute, sell, lease, sublicense or transfer all or any part of the Software or (2) any right to use the Software for any production purposes whatsoever. Software is provided “AS-IS” and without warranty.  Sections 9 and 10 shall not apply to development licenses granted under this Section 2(b).\n\n(c)            Single Project Production License. This Section applies to Software classified in the relevant Quotation Document as “Single Project Production” and subject to any additional restrictions stated in the Quotation Document.  Subject to payment of either the single-project, one-time license fee or the purchase price of the NXP Target Product that includes the Software fee (i.e., an adder), as set forth in the Quotation Document, and exclusively in conjunction with Licensee’s development and sale of an Authorized System, and only for the Customer Target Project defined in the relevant Quotation Document, NXP grants to Licensee, the non-exclusive, non-transferable right (1) to use the Software solely on the NXP Target Product, (2) to reproduce the Software, (3) for Software provided to Licensee in source code form (human readable), to prepare Limited Derivative Works of the Software, and (4) to distribute the Software and Limited Derivative Works thereof in object code only, solely for use on the NXP Target Product.\n\nFor Software provided to Licensee in source code form (human readable), NXP additionally grants to Licensee the non-exclusive, non-transferable right to sublicense the foregoing rights in Section 2(c)(1)-(4) to Licensee’s direct OEM customer, provided that, any such sublicenses include terms no less restrictive than those in this Agreement. Licensee will remain liable for the OEM’s adherence to the terms of this Agreement and for any and all acts and omissions of such OEM with respect to this Agreement.  Licensee will indemnify, defend, and hold harmless NXP against any and all claims, costs, damages, liabilities, judgments and attorneys’ fees resulting from or arising out of any breach by the OEM.\n\n(d)            Multi-Project Production License. This Section applies to Software classified in the relevant Quotation Document as “Multi-Project Production” and subject to any additional restrictions stated in the Quotation Document. Subject to payment of either the multi-project license fee(s) or the purchase price of the NXP Target Product that includes the Software fee (i.e., an adder), as set forth in the Quotation Document, and exclusively in conjunction with Licensee’s development and sale of an Authorized System, NXP grants to Licensee the non-exclusive, non-transferable right (1) to use the Software solely on the NXP Target Product, (2) to reproduce the Software, (3) for Software provided to Licensee in source code form (human readable), to prepare Limited Derivative Works of the Software, and (4) to distribute the Software and Limited Derivative Works thereof in object code only, solely for use on the NXP Target Product. For Software provided to Licensee in source code form (human readable), NXP additionally grants to Licensee the non-exclusive, non-transferable right to sublicense the foregoing rights in Section 2(d)(1)-(4) to Licensee’s direct OEM customer, provided that, any such sublicenses include terms no less restrictive than those in this Agreement. Licensee will remain liable for the OEM’s adherence to the terms of this Agreement and for any and all acts and omissions of such OEM with respect to this Agreement.  Licensee will indemnify, defend, and hold harmless NXP against any and all claims, costs, damages, liabilities, judgments and attorneys’ fees resulting from or arising out of any breach by the OEM.\n\n(e)            Pre-Release License.  This Section applies to Software classified in the relevant Quotation Document or SRN as “Pre-Release”.  Exclusively in conjunction with Licensee’s development of an Authorized System, NXP grants to Licensee, free of charge, a personal, non-transferable, non-exclusive, revocable, royalty-free, license to use the Software for one (1) year from the Effective Date, internally, solely for the purpose of performing evaluation and testing of the Software, solely on an NXP Target Product.  This license does not include (1) any right to reproduce, distribute, sell, lease, sublicense or transfer all or any part of the Software; (2) any right to use the Software on non-NXP integrated circuit devices; or (3) any right to use the Software for any production purposes whatsoever.  Evaluation Software is provided “AS-IS” and without warranty.  Sections 9 and 10 shall not apply to evaluation licenses granted under this Section 2(e).\n\n(f)             ISELED® AND ILas® Specific Terms.  The following terms shall apply to all ISELED® software and ILaS® software provided to Licensee in binary or source code form and any accompanying written materials (the “ISELED® and ILaS® Software”).  To the extent the terms below conflict with those elsewhere in the Agreement, these ISELED® and ILaS® Software specific terms shall prevail.  All other terms of the Agreement remain applicable to the ISELED® and ILaS® Software.\n\nThe license grant below shall supersede and replace the license grants in Section 2(b)-(d) above with respect to the ISELED® Software:\n\nLicense grant for ISELED® Software: Subject to payment of the purchase price of the NXP Target Product as set forth in the Quotation Document, and exclusively in conjunction with Licensee’s development and sale of an Authorized System, NXP grants to Licensee, the non-exclusive, non-transferable right to use the ISELED®Software solely on the NXP Target Product for the purpose of controlling single or multiple digital LEDs.\n\nThe license grant below shall supersede and replace the license grants in Section 2(b)-(d) above with respect to the ILaS® Software:\n\nLicense grant for ILaS® Software: Subject to payment of the purchase price of the NXP Target Product as set forth in the Quotation Document, and exclusively in conjunction with Licensee’s development and sale of an Authorized System, NXP grants to Licensee, the non-exclusive, non-transferable right to use the ILaS® Software solely on the NXP Target Product for the purpose of generating the ILaS® serial frame format.\n\n(g)            Third Party Terms. Third Party Software, if any, is listed in Exhibit A.  Except as noted above for the ISELED® Software and ILaS® Software, any Third Party Software listed in Exhibit A and provided with the Software is licensed solely under the terms and conditions of the Third Party Software provider.  Licensee should not use the Third Party Software if Licensee does not agree to the terms provided by the Third Party Software provider.  TO THE MAXIMUM EXTENT ALLOWED BY LAW, SUCH THIRD PARTY SOFTWARE IS PROVIDED AS-IS AND WITHOUT WARRANTY OF ANY KIND, EITHER EXPRESS OR IMPLIED, INCLUDING, WITHOUT LIMITATION, ANY IMPLIED WARRANTIES OF MERCHANTABILITY, FITNESS FOR A PARTICULAR PURPOSE, OR NON-INFRINGEMENT.  LICENSEE ASSUMES THE ENTIRE RISK ARISING OUT OF THE USE OR PERFORMANCE OF THE THIRD PARTY SOFTWARE, AND ANY SYSTEMS DESIGNED USING IT.\n\n(h)            Exclusive Use with NXP Target Product(s).  For the avoidance of doubt, in all cases, Licensee is expressly prohibited from using the Software with any product other than the NXP Target Product.  Any such use will be a material breach of this Agreement.\n\n(i)             Subcontractors.  Licensee may use subcontractors to exercise Licensee’s rights under Sections 2(b)(1)-(3), 2(c)(1)-(3) or 2(d)(1)-(3), as applicable, so long as Licensee has an agreement in place with the subcontractor(s) that includes terms no less restrictive than those in this Agreement.  Licensee will remain liable for its subcontractor’s adherence to the terms of this Agreement and for any and all acts and omissions of such subcontractors with respect to this Agreement.  Licensee will indemnify, defend, and hold harmless NXP against any and all claims, costs, damages, liabilities, judgments and attorneys’ fees resulting from or arising out of any breach by the subcontractor. For clarity, Licensee may not use subcontractors to exercise Licensee’s rights under Section 2(f) (ISELED® and ILaS® Specific Terms).\n\n3.              LICENSE LIMITATIONS AND RESTRICTIONS. \n\n(a)            The licenses granted in Section 2 above only extend to NXP’s Intellectual Property Rights that would be infringed by the unmodified Software prior to Licensee’s preparation of any Limited Derivative Works.  Licensee is expressly forbidden from selling or otherwise distributing the Software, or any portion thereof, except as expressly permitted herein. This Agreement does not grant to Licensee any implied rights under any NXP or third-party Intellectual Property Rights.\n\n(b)            Licensee may not translate, reverse engineer, decompile, or disassemble the Software except to the extent applicable law specifically prohibits such restriction. When sublicensing the Software, Licensee must prohibit Licensee’s subcontractors and OEMs from translating, reverse engineering, decompiling, or disassembling the Software except to the extent applicable law specifically prohibits such restriction.\n\n(c)            Licensee must reproduce any and all of NXP’s (or its third-party licensors’) copyright notices and other proprietary legends on copies of Software. \n\n(d)            If Licensee distributes the Software to the United States Government, then the Software is “restricted computer software” and is subject to FAR 52.227-14.\n\n(e)            Licensee grants to NXP a non-exclusive, non-transferable, irrevocable, perpetual, worldwide, royalty-free, sub-licensable license under Licensee’s Intellectual Property Rights to use without restriction and for any purpose any suggestion, comment or other feedback related to the Software (including, but not limited to, error corrections and bug fixes).\n\n(f)             Licensee will not take or fail to take any action that could subject the Software to an Excluded License.  An “Excluded License” means any license that requires, as a condition of use, modification or distribution of software subject to the Excluded License, that such software or other software combined and/or distributed with the software be (i) disclosed or distributed in source code form; (ii) licensed for the purpose of making derivative works; or (iii) redistributable at no charge.\n\n(g)            Licensee may not publish information, results or data associated with the use of the Software to anyone other than NXP; however, Licensee must advise NXP of any results obtained including any problems or suggested improvements thereof. NXP retains the right to use such results and related information in any manner it deems appropriate.\n\n4.              OPEN SOURCE.  Open Source Software included in or with the Software is not licensed under the terms of this Agreement but is instead licensed under the terms of the applicable open source license(s). Licensee’s use of the Open Source Software is subject to the terms of each applicable open source license. Licensee must agree to the terms of each applicable open source license, or Licensee cannot use the Open Source Software.\n\n5.              AUDIT.  Licensee will keep full, clear and accurate records with respect to its use, distribution and sublicensing of the Software and its compliance with this Agreement until 3 years after termination or expiration of this Agreement.  NXP will have the right, either itself or through an independent auditor to examine and audit, at NXP’s expense, not more than once a year and during normal business hours, all such records that may bear upon Licensee’s compliance with this Agreement.  Licensee will make prompt adjustment to compensate for any errors and/or omissions disclosed by such examination or audit. \n\n6.              INTELLECTUAL PROPERTY RIGHTS. \n\n(a)            Title.  The Software is licensed to Licensee, not sold.  Title to Software delivered hereunder remains vested in NXP or NXP's licensor(s) and cannot be assigned or transferred.\n\n(b)            Limited Derivative Works.  Upon request, Licensee must provide NXP the source code of any modification to the Software.  Unless prohibited by applicable law, Licensee’s modifications to the Software, and all Intellectual Property Rights associated with, and title thereto, will be the property of NXP.  Licensee agrees to assign all, and hereby assigns all rights, title, and interest to any such modifications to the Software to NXP and agrees to provide all assistance reasonably requested by NXP to establish, preserve, or enforce such right(s).  Further, Licensee agrees to waive all moral rights relating to Licensee’s modifications to the Software, including such rights as, without limitation, all rights of identification of authorship and all rights of approval, restriction, or limitation on use or subsequent modification(s).  Notwithstanding the foregoing, Licensee will have the license rights granted in Section 2 to any such modifications made by Licensee or Licensee’s licensees. \n\n(c)            Supplemental License Grant.  In the event the grant under Section 6(b) is prohibited by applicable law, Licensee nevertheless agrees to grant, and hereby grants, an irrevocable, worldwide, and perpetual license to NXP to make, have made, use, sell, offer to sell, import, commercialize, sublicense and reproduce Licensee’s modifications to the Software without any payment to Licensee.  Licensee agrees to provide all assistance reasonably requested by NXP to establish, preserve or enforce such right.\n\n(d)            Essential Patents.  NXP has no obligation to identify or obtain any license to any Intellectual Property Right of a third-party that may be necessary for Licensee’s use of the Software in connection with technology that is incorporated into the Authorized System (whether or not as part of the Software).\n\n7.              TERM AND TERMINATION.\n\n(a)            Term.  This Agreement will begin on the Effective Date.  For Software licensed under an Evaluation Non-Production license under Section 2(a) or a Pre-Release License under Section 2(e), this Agreement will terminate at the end of the period specified in Section 2(a) or 2(e), as applicable.  For all other Software, this Agreement will remain in effect unless terminated as provided in this Section 7.\n\n(b)            Termination by Licensee.  Licensee may terminate this Agreement immediately upon written notice to NXP.\n\n(c)              Termination by NXP.  Notwithstanding the foregoing, NXP may terminate this Agreement immediately upon written notice if Licensee: (1) breaches any of Licensee’s confidentiality obligations or the License Grant or License Limitations and Restrictions under this Agreement;  (2) becomes bankrupt, insolvent, or files a petition for bankruptcy or insolvency; (3) makes an assignment for the benefit of its creditors; (4) enters proceedings for winding up or dissolution; (5) is dissolved; or (6) is nationalized or becomes subject to the expropriation of all or substantially all of Licensee’s business or assets.\n\n(d)            Termination for Default.  Either party may terminate this Agreement if the other party is in default of any of the terms and conditions of this Agreement, and termination is effective if the defaulting party fails to correct such default within 30 days (10 days in the event of non-payment) after written notice thereof by the non-defaulting party to the defaulting party.\n\n(e)            Effect of Termination.  Upon termination of this Agreement, all licenses granted in Section 2 will expire, except that any licenses extended to end users pursuant to Sections 2(c), (d), or (f) which have been granted prior to such termination will survive.  After termination of this Agreement by either party, Licensee will destroy all parts of Software and Limited Derivative Works (if any) and will provide to NXP a written statement certifying the same.\n\n(f)             Survival.  Notwithstanding the termination of this Agreement for any reason, the terms of Sections1, 3 through 9(a), and 11 through 26 will survive.\n\n8.              SUPPORT.  Except as otherwise agreed by the parties under a separate agreement, NXP is NOT obligated to provide any support, maintenance, upgrades or new releases of the Software. If Licensee wishes, Licensee may contact NXP and report problems and provide suggestions regarding the Software. NXP has no obligation whatsoever to respond in any way to such a problem report or suggestion. NXP may make changes to the Software at any time, without any obligation to notify or provide updated versions of the Software to Licensee.  NXP is not responsible for the support and maintenance of any modifications or Limited Derivative Works made by Licensee to the Software.\n\n \n\n9.              WARRANTY\n\n(a)            NO WARRANTY.  TO THE MAXIMUM EXTENT PERMITTED BY LAW, NXP EXPRESSLY DISCLAIMS ANY WARRANTY FOR THE SOFTWARE. THE SOFTWARE IS PROVIDED “AS IS”, WITHOUT WARRANTY OF ANY KIND, EITHER EXPRESS OR IMPLIED, INCLUDING, WITHOUT LIMITATION, THE IMPLIED WARRANTIES OF MERCHANTABILITY, FITNESS FOR A PARTICULAR PURPOSE, OR NON-INFRINGEMENT. LICENSEE ASSUMES THE ENTIRE RISK ARISING OUT OF THE USE OR PERFORMANCE OF THE SOFTWARE, OR ANY SYSTEMS LICENSEE DESIGNS USING THE SOFTWARE (IF ANY). NXP DOES NOT WARRANT THAT THE FUNCTIONS CONTAINED IN THE SOFTWARE WILL MEET LICENSEE’S REQUIREMENTS OR THAT THE OPERATION OF THE SOFTWARE WILL BE UNINTERRUPTED OR ERROR FREE.\n\n(b)            PREMIUM WARRANTY.  NOTWITHSTANDING THE FOREGOING, IF LICENSEE HAS PURCHASED A LICENSE TO PREMIUM SOFTWARE OR HAS PURCHASED A WARRANTY OPTION FOR STANDARD SOFTWARE, THEN THE FOLLOWING WARRANTY SHALL APPLY IN LIEU OF THE WARRANTY DISCLAIMER IN 9(a) ABOVE:\n\n“Limited Warranty.  For the one (1) year period following the Warranty Start Date, NXP warrants that the Software substantially complies with the associated NXP documentation.  \n\nExclusive Remedy.  If Software is not as warranted, NXP will, at its option, and as Licensee’s exclusive remedy, either (i) refund the fees associated with such Software or (ii) correct errors in the Software.  Notwithstanding the foregoing, NXP shall have no obligations for breach of warranty if the alleged non-conformance is found to have occurred as a result of: misuse, neglect, improper installation, improper combination with other software, improper integration in NXP hardware product, improper converting in other software format, integration in any other hardware than NXP hardware products, or modification of the Software (including, but not limited to, Limited Derivative Works) and/or the NXP hardware products including the Software.  This warranty will not be expanded, and no obligation or liability will arise, due to technical advice or assistance, qualification or testing data, computerized data or service NXP may provide in connection with the Software.   \n\nLimitations.  NXP does not warrant that the functions contained in the Software will meet Licensee’s requirements or that the operation of the Software will be uninterrupted or error free. THE WARRANTY RECITED IN THIS SECTION 9(b) EXTENDS TO LICENSEE ONLY AND MAY BE INVOKED ONLY BY LICENSEE FOR ITS CUSTOMERS.  NXP WILL NOT ACCEPT WARRANTY CLAIMS FROM LICENSEE’S CUSTOMERS.  THIS WARRANTY IS IN LIEU OF ALL OTHER WARRANTIES, INCLUDING BUT NOT LIMITED TO IMPLIED WARRANTIES OF MERCHANTABILITY, FITNESS FOR A PARTICULAR PURPOSE, OR NON-INFRINGEMENT.  ALL OTHER WARRANTIES ARE EXPRESSLY DISCLAIMED TO THE FULL EXTENT SUCH MAY BE DISCLAIMED BY LAW.”\n\n10.           INDEMNITY. \n\n(a)            Scope.  Subject to the limitations and exclusions stated below, NXP will defend any Covered Claim against Licensee, and will indemnify Licensee only for finally awarded damages that are attributable to the Covered Claim.  “Covered Claim” means that portion of a lawsuit alleging that the Software infringes a valid U.S. patent(s) or European Union patent(s), infringes a copyright, or misappropriates a trade secret.\n\n \n\n \n\n(b)            Required Procedures.  NXP will have no obligation to defend or indemnify Licensee unless Licensee: (i) promptly notifies NXP in writing as soon as reasonably practicable after Licensee first becomes aware of the Covered Claim, but in no event later than 30 days after Licensee first receives notice of a claim relating to the Covered Claim; and (ii) gives NXP sole control of the defense of the Covered Claims and all requested assistance for defending the Covered Claim.  NXP will not be liable for the settlement of a Covered Claim made without NXP’s consent.  If a Covered Claim is asserted prior to completion of delivery of the Software, NXP may decline to make further shipments.  If Licensee obtains counsel for defense of claims other than a Covered Claim, License does so at its own expense.\n\n \n\n(c)            Exclusions.  NXP will have no obligation to defend or indemnify Licensee if: (i) Licensee or any third party has modified or altered the Software (including, but not limited to, Limited Derivative Works), and the alleged infringement would not have occurred but for such alteration; (ii) Licensee or any third party has combined the Software with any other products or elements not furnished by NXP, and the alleged infringement would not have occurred but for such combination; (iii) the use of other than a current release of Software; (iv) the Software was designed or manufactured in accordance with Licensee’s designs, specifications, or instructions, and the alleged infringement would not have occurred but for such designs, specifications, or instructions or (v) the Software was designed or manufactured in compliance with standards issued by any public or private standards body, and the alleged infringement would not have occurred but for such standards.\n\n \n\n(d)            Limitations on Payable Damages.  NXP’s liability for damages will not exceed (i) a reasonable royalty rate on the Software that is the subject of the Covered Claim, multiplied by (ii) the revenue derived by NXP from license to Licensee of the Software.  NXP will have no responsibility for any costs associated with a Covered Claim prior to notice of such Covered Claim.  Any indemnity payment under this Agreement will be decreased by any amounts actually recovered by Licensee under Licensee’s insurance policies with respect to such costs associated with a Covered Claim (net of any premiums paid by Licensee under the relevant insurance policy), and if insurance proceeds are received by Licensee after receipt of an indemnity payment from NXP, Licensee will promptly pay such insurance proceeds to NXP.\n\n \n\n(e)            Disclaimer.  THIS SECTION 10 CONTAINS (I) NXP’S ENTIRE LIABILITY AND ALL OBLIGATIONS RELATED TO INTELLECTUAL PROPERTY INFRINGEMENT OR MISAPPROPRIATION, AND (II) LICENSEE’S EXCLUSIVE REMEDIES AGAINST NXP FOR INTELLECTUAL PROPERTY INFRINGEMENT OR MISAPPROPRIATION.\n\n11.           LIMITATION OF LIABILITY.  IN NO EVENT WILL NXP OR NXP’S LICENSORS BE LIABLE, WHETHER IN CONTRACT, TORT, OR OTHERWISE, FOR ANY INCIDENTAL, SPECIAL, INDIRECT, CONSEQUENTIAL OR PUNITIVE DAMAGES, INCLUDING, BUT NOT LIMITED TO, DAMAGES FOR ANY LOSS OF USE, LOSS OF TIME, INCONVENIENCE, COMMERCIAL LOSS, OR LOST PROFITS, SAVINGS, OR REVENUES TO THE FULL EXTENT SUCH MAY BE DISCLAIMED BY LAW.NXP’S TOTAL LIABILITY FOR ALL COSTS, DAMAGES, CLAIMS, OR LOSSES WHATSOEVER ARISING OUT OF OR IN CONNECTION WITH THIS AGREEMENT OR THE SOFTWARE IS LIMITED TO THE LESSER OF: (I) THE AGGREGATE AMOUNT PAID BY LICENSEE TO NXP IN CONNECTION WITH THE SOFTWARE, EXCLUDING THE PRICE OF THE NXP TARGET PRODUCT, AND (II) $250,000 USD.  For clarity, NXP’s total liability for Premium Software for which no separate license fee has been paid is limited to $250,000 USD.\n\n \n\n \n\n12.           TAXES.  All fees and amounts payable by Licensee to NXP are exclusive of any value added tax, goods and service tax, sales tax, use tax, consumption tax or any other similar tax only (collectively referred to as “VAT”). If the transactions as described in this Agreement are subject to any applicable VAT, NXP shall provide Licensee with an invoice which specifically states this VAT.  Provided NXP has stated VAT on an invoice Licensee will pay to NXP the VAT properly chargeable in respect of that payment.  NXP will not invoice or otherwise attempt to collect from Licensee any VAT with respect to which Licensee has provided NXP with (i) a valid resale or exemption certificate, (ii) evidence of direct payment authority, or (iii) other evidence, reasonably acceptable to NXP, that such VAT does not apply.  If Licensee is required by law to withhold and remit VAT relating to a purchase under this Agreement, Licensee will transmit to NXP official tax receipts or other evidence issued by said tax authority or other government authorities sufficient to enable NXP to support a claim for tax credit or refund in respect to such withheld taxes paid by Licensee.\n\n13.           COMPLIANCE WITH LAWS.  Licensee must use the Software in accordance with all applicable laws, regulations and statutes. \n\n14.           EXPORT COMPLIANCE.  Each party shall comply with all applicable laws and regulations, including, but not limited to all such export and import controls or restrictions, prohibited part lists, catch-all regulations, sanctions, and embargoes. \n\n15.           GOVERNMENT USE.  If Licensee sells Authorized Systems directly to any government or public entity, including but not limited to U.S., state, local, foreign or international governments or public entities, or indirectly via a prime contractor or subcontractor of such governments or entities, NXP makes no representations, certifications, or warranties whatsoever about compliance with government or public entity acquisition statutes or regulations, including, without limitation, statutes or regulations that may relate to pricing, quality, origin or content.\n\nThe Software has been developed at private expense and is a “Commercial Item” as defined in 48 C.F.R. Section 2.101, consisting of “Commercial Computer Software”, and/or “Commercial Computer Software Documentation,” as such terms are used in 48 C.F.R. Section 12.212 (or 48 C.F.R. Section 227.7202, as applicable) and may only be licensed to or shared with U.S. Government end users in object code form as part of, or embedded within, Authorized Systems. Any agreement pursuant to which Licensee shares the Software will include a provision that reiterates the limitations of this document and requires all sub-agreements to similarly contain such limitations.\n\n16.           HIGH RISK ACTIVITIES.  Licensee makes the ultimate design decisions regarding Licensee’s products and is solely responsible for compliance with all legal, regulatory, safety, and security related requirements concerning Licensee’s products, regardless of any information or support that may be provided by NXP.  If Licensee, or Licensee’s contractors or distributees, uses the Software in connection with products, applications, or systems where a failure could cause personal injury or death, then Licensee agrees to indemnify NXP and its officers and employees from all liability, including attorneys’ fees and costs.\n\n17.           CHOICE OF LAW; VENUE; LIMITATIONS.  When Software is licensed by NXP USA, Inc., Licensee agrees that the laws of the State of Texas, USA, without regard to conflicts of laws principles, will apply to all matters relating to this Agreement or the Software, and Licensee agrees that any litigation will be subject to the exclusive jurisdiction of the state or federal courts in Austin, Texas, USA. When Software is licensed by NXP Semiconductors Netherlands B.V., Licensee agrees that the laws of The Netherlands, without regard to conflicts of laws principles, will apply to all matters relating to this Agreement or the Software, and Licensee agrees that any litigation will be subject to the exclusive jurisdiction of the courts in Amsterdam, The Netherlands.\n\nNotwithstanding the foregoing, NXP will always be permitted to bring any action or proceedings against Licensee in any other court of competent jurisdiction.  Licensee agrees that regardless of any statute or law to the contrary, any claim or cause of action by Licensee arising out of or related to this Agreement or the Software must be filed within one (1) year after such claim or cause of action arose or be forever barred.\n\n18.           CONFIDENTIAL INFORMATION.  Licensee agrees to retain all Confidential Information in confidence perpetually. Licensee may not disclose Confidential Information to any third party except as expressly permitted in this Agreement and only if such third party has executed written agreements obligating them to protect such Confidential Information pursuant to terms and conditions no less protective of NXP than those contained in this Agreement. Licensee will also limit dissemination of the Confidential Information to its employees who have a need to know of the Confidential Information and who have executed written agreements obligating them to protect such Confidential Information pursuant to terms and conditions no less protective of NXP than those contained in this Agreement and may not use Confidential Information for any purpose or in any manner not authorized by this Agreement. Licensee further agrees to use the same degree of care, but no less than a reasonable degree of care, with NXP’s Confidential Information as it would with its own confidential information. Licensee may disclose Confidential Information as required by a court or under operation of law or order provided that Licensee (i) notifies NXP of such requirement prior to disclosure; (ii) discloses only that information required; and (iii) allows NXP the opportunity to object to such court or other legal body requiring such disclosure.\n\n19.           PRODUCT LABELING.  Licensee is not authorized to use any NXP trademarks, brand names, or logos.\n\n20.           ENTIRE AGREEMENT.  This Agreement constitutes the entire agreement between Licensee and NXP regarding the subject matter of this Agreement, and supersedes all prior communications, negotiations, understandings, agreements or representations, either written or oral, if any. This Agreement may only be amended in written form, executed by Licensee and NXP.\n\n21.           SEVERABILITY.  If any provision of this Agreement is held for any reason to be invalid or unenforceable, then the remaining provisions of this Agreement will be unimpaired and, unless a modification or replacement of the invalid or unenforceable provision is further held to deprive Licensee or NXP of a material benefit, in which case the Agreement will immediately terminate, the invalid or unenforceable provision will be replaced with a provision that is valid and enforceable and that comes closest to the intention underlying the invalid or unenforceable provision.\n\n22.           NO WAIVER.  The waiver by NXP of any breach of any provision of this Agreement will not operate or be construed as a waiver of any other or a subsequent breach of the same or a different provision.\n\n23.           NOTICES.  All notices and communications under this Agreement will be made in writing, and will be effective when received at the following addresses, for NXP USA, Inc.: 6501 William Cannon Drive West, Austin, Texas 78735, ATTN: Law Department, for NXP Semiconductors Netherlands B.V.: High Tech Campus 60, 5656 AG Eindhoven, The Netherlands, and in all cases an additional copy to General.Counsel@NXP.com, and for Licensee: at the address in the Quotation Document or, if no Quotation Document, the address provided by Licensee in NXP’s Software portal.\n\n24.           PRIVACY. By accepting this Agreement and/or utilizing the Software, Licensee consents to use of certain personal information, including but not limited to name, email address, and location, for the purpose of NXP’s internal analysis regarding future software offerings.  NXP’s complete Privacy Statement can be found at:\n\nhttps://www.nxp.com/company/our-company/about-nxp/privacy-statement:PRIVACYPRACTICES.\n\n25.           RELATIONSHIP OF THE PARTIES.  The parties are independent contractors. Nothing in this Agreement will be construed to create any partnership, joint venture, or similar relationship. Neither party is authorized to bind the other to any obligations with third parties.\n\n26.           SUCCESSION AND ASSIGNMENT.  This Agreement will be binding upon and inure to the benefit of the parties and their permitted successors and assigns.  Licensee may not assign this Agreement, by operation of law or otherwise, in whole or in part, or any of its rights, interests, duties or obligations, without the prior written approval of NXP.  NXP may assign this Agreement without the consent or approval of Licensee. \n\nEXHIBIT A\n\n \n\nLIST OF NXP S32G2/3 TARGET PRODUCTS\n\nThe Software is licensed solely for use on below-listed NXP Target Products.  If the specific device Licensee is using is not included in below list, Licensee is not authorized to use the Software on that device.\n\nS32G2/3 Standard Software\n\nNXP Target Products\n\nAutomotive Real Time Drivers\n\nLLCE driver + firmware\n\nPFE driver + firmware\n\nHSE firmware\n\nInter-Platform Communication Framework\n\nAll S32G2/3 processors\n\n \n\nS32G2/3 Premium Software\n\nNXP Target Products\n\nS32G2/3 Premium Security Firmware\n\n      Production use\n\n      Evaluation use\n\n \n\nS32G2/3 processors with premium security option\n\nAll S32G2/3 processors\n\nS32G2/3 Premium Safety Software\n\n      S32 Safety Software Framework\n      Cortex-A53 Core Self-Test\n\n\nAll S32G2/3 processors\n\nS32G2/3 Premium Software: LLCE Firmware Development Kit (FDK)\n\nAll S32G2/3 processors\n\n \n\nThird Party Software:\n\nElektrobit: EB tresos™ Studio is included in the Automotive Real Time Drivers and the S32 Safety Software Framework. EB tresos™ Studio software must be used consistent with the terms of EB License Terms and Conditions, Version 1.4 (Dec 2019) found here:\n\nhttps://www.elektrobit.com/legal-notice/\n\n \n\n \n\nLIST OF NXP S32K1 TARGET PRODUCTS\n\nThe Software is licensed solely for use on below-listed NXP Target Products.  If the specific device Licensee is using is not included in below list Licensee is not authorized to use the Software on that device.\n\nS32K1 Standard Software\n\nNXP Target Products\n\n\nAutomotive Real Time Drivers\n\n\nAll S32K1 processors\n\n \n\nS32K1 Premium Software\n\nNXP Target Products\n\nS32K1 Premium Software: ISELED\n\nAll S32K1xx processors where the Ordering option 2: Letter is:\n\n- I, (example FS32K116LIT0VFMT) or\n\n- L, (example FS32K144ULT0VLHT) or\n\n- G, (example FS32K148UGT0VLQT)\n\nFor a complete listing of all the available options, refer to S32K_Part_Numbers.xlsx within the S32K1xx Data Sheet.  See also the section “Ordering Information” in the S32K1xx Data Sheet for the complete Part Number guide\n\n====================================\n\nPart Number\n\nF/P S32 K 1 x x X Y T0 x xx T/R\n                  ^                                     |\n\n     Ordering Option 2: Letter \n\n====================================\n\nS32K1 Premium Software: ILaS\n\nAll S32K1xx processors where the Ordering option 2: Letter is:\n\n- I, (example FS32K116LIT0VFMT) or\n\n- L, (example FS32K144ULT0VLHT) or\n\n- G, (example FS32K148UGT0VLQT)\n\nFor a complete listing of all the available options, refer to S32K_Part_Numbers.xlsx within the S32K1xx Data Sheet.  See also the section “Ordering Information” in the S32K1xx Data Sheet for the complete Part Number guide\n\n====================================\n\nPart Number\n\nF/P S32 K 1 x x X Y T0 x xx T/R\n                  ^                                     |\n\n     Ordering Option 2: Letter \n\n====================================\n\n \n\nThird Party Software:\n\nElektrobit: EB tresos™ Studio is included in the Automotive Real Time Drivers. EB tresos™ Studio software must be used consistent with the terms of EB License Terms and Conditions, Version 1.4 (Dec 2019) found here:\nhttps://www.elektrobit.com/legal-notice/\n\n \n\n \n\nLIST OF NXP S32K3 TARGET PRODUCTS\n\nThe Software is licensed solely for use on below-listed NXP Target Products.  If the specific device Licensee is using is not included in below list Licensee is not authorized to use the Software on that device.\n\nS32K3 Standard Software\n\nNXP Target Products\n\nAutomotive Real Time Drivers\n\nHSE firmware\n\nInter-Platform Communication Framework\n\nAll S32K3 processors\n\n \n\nS32K3 Premium Software\n\nNXP Target Products\n\nS32K3 Premium Security Firmware\n\n      Production use\n\n      Evaluation use\n\n \n\nS32K3 processors with premium security option\n\nAll S32K3 processors\n\nS32K3 Premium Safety Software\n\n     S32 Safety Software Framework\n     Cortex-M7 Core Self-Test\n\nAll S32K3 processors\n\nS32K3 Premium Software: ISELED\n\nS32K3 processors with ISELED option, used for the purpose of controlling single or multiple digital LEDs.\n\nS32K3 Premium Software: ILaS\n\nS32K3 processors with ILaS option, used for the purpose of generating the ILaS® serial frame format.\n\nS32K3 Premium Audio-Video Bridging (AVB) and Time Sensitive Networking Software Stack\n\nAll S32K3 processors\n\n \n\nThird Party Software:\n\nElektrobit: EB tresos™ Studio is included in the Automotive Real Time Drivers and the S32 Safety Software Framework. EB tresos™ Studio software must be used consistent with the terms of EB License Terms and Conditions, Version 1.4 (Dec 2019) found here:\nhttps://www.elektrobit.com/legal-notice/\n\n \n\n \n\nLIST OF NXP LIST OF NXP S32K5 TARGET PRODUCTS\n\nThe Software is licensed solely for use on below-listed NXP Target Products.  If the specific device Licensee is using is not included in below list Licensee is not authorized to use the Software on that device.\n\nS32K5 Standard Software\n\nNXP Target Products\n\nAutomotive Real Time Drivers\n\nStandard Security Firmware + Crypto Driver\n\nAMMCLib (Binary)\n\nSafety Peripheral Drivers\n\nInter-Platform Communication Framework\n\nAll S32K5 processors\n\n \n\nS32K5 Premium Software\n\nNXP Target Products\n\nS32K5 Premium Security Firmware\n\n      Production use\n\n\n      Evaluation use\n\n \n\nS32K5 processors with premium security option\n\nAll S32K5 processors\n\nPremium Security Firmware + Ethernet Switch Software\n\nS32 Safety Software Framework\n\nEthernet Switch Manager\n\nCortex-M7 Core Self-Test\n\nCortex R52 Core Self Test\n\nAll S32K5 processors\n\n \n\nThird Party Software:\n\nElektrobit: EB tresos™ Studio is included in the Automotive Real Time Drivers. EB tresos™ Studio software must be used consistent with the terms of EB License Terms and Conditions, Version 1.4 (Dec 2019) found here:\nhttps://www.elektrobit.com/legal-notice/\n\n \n\n \n\n \n\nLIST OF NXP S32N TARGET PRODUCTS\n\nThe Software is licensed solely for use on below-listed NXP Target Products.  If the specific device Licensee is using is not included in below list Licensee is not authorized to use the Software on that device.\n\nS32N55 Standard Software\n\nNXP Target Products\n\nAutomotive Real Time Drivers\n\nSafety Peripheral Drivers (SPD)\n\nInter-Platform Communication Framework\n\nHSE firmware\n\nFSS firmware + Firmware Development Kit (FDK)\n\nEL2 Monitor\n\nFlexLLCE Firmware Development Kit (FDK)\n\nAll S32N processors\n\n \n\nS32N Premium Software\n\nNXP Target Products\n\nHSE Premium firmware\n\n \n\nAll S32N processors with premium security option\n\n \n\nThird Party Software:\n\nElektrobit: EB tresos™ Studio is included in the Automotive Real Time Drivers. EB tresos™ Studio software must be used consistent with the terms of EB License Terms and Conditions, Version 1.4 (Dec 2019) found here: https://www.elektrobit.com/legal-notice/\n\n \n\n \n\n \n\nS32Z/E TARGET PRODUCTS\n\nThe Software is licensed solely for use on below-listed NXP Target Products.  If the specific device Licensee is using is not included in below list Licensee is not authorized to use the Software on that device.\n\nS32Z/E Standard Software\n\nNXP Target Products\n\nAutomotive Real Time Drivers\n\nFlexLLCE firmware\n\nHSE firmware\n\nInter-Platform Communication Framework\n\nAutomotive Math and Motor Control Library\n\nAll S32Z/E processors\n\n \n\nS32Z/E Premium Software\n\nNXP Target Products\n\nS32Z/E Premium Security Firmware\n\n      Production use\n\n\n      Evaluation use\n\n \n\nS32Z/E processors with premium security option\n\nAll S32Z/E processors\n\nS32Z/E Premium Safety Software\n\n      S32 Safety Software Framework\n\n\n\nAll S32Z/E processors\n\nS32Z/E Premium Software: LLCE Firmware Development Kit (FDK)\n\nAll S32Z/E processors\n\n \n\nThird Party Software:\n\nElektrobit: EB tresos™ Studio is included in the Automotive Real Time Drivers and the S32 Safety Software Framework. EB tresos™ Studio software must be used consistent with the terms of EB License Terms and Conditions, Version 1.4 (Dec 2019) found here:\nhttps://www.elektrobit.com/legal-notice/\n\n ",
      "name": "NXP S32 PLATFORM SOFTWARE LICENSE AGREEMENT v1.10 September 2024"
    },
    {
      "licenseId": "LicenseRef-9169fb33-e3b5-4167-b984-f84877f34078",
      "extractedText": "GNU All-Permissive License 2.0\n==============================\n\nCopying and distribution of this file, with or without modification, are\npermitted in any medium without royalty provided the copyright notice and this\nnotice are preserved. This file is offered as-is, without any warranty.",
      "name": "GNU All-Permissive License 2.0"
    }
  ],
  "documentNamespace": "https://nxp.com/spdx/54affbc8-57ec-4ea0-af42-62380599ec4f",
  "packages": [
    {
      "SPDXID": "SPDXRef-package-54affbc8-57ec-4ea0-af42-62380599ec4f",
      "name": "PFE-FW_S32G",
      "versionInfo": "1.11.0",
      "licenseConcluded": "(LicenseRef-0bf09b82-deb9-4e6c-aa4a-83cb2af6c41c)",
      "licenseDeclared": "(LicenseRef-0bf09b82-deb9-4e6c-aa4a-83cb2af6c41c)",
      "downloadLocation": "https://www.nxp.com",
      "comment": "PFE firmware release package for S32G2 and S32G3 SOC.\nThe firmware is derived from reference implementation by Imagination Technologies Limited.",
      "externalRefs": [],
      "filesAnalyzed": false,
      "originator": "Organization: NXP",
      "supplier": "NOASSERTION"
    },
    {
      "SPDXID": "SPDXRef-package-4f7a36c7-2024-43e0-b209-a651151b2e17",
      "name": "Compile-Time Assert",
      "versionInfo": "Update 9",
      "licenseConcluded": "LicenseRef-9169fb33-e3b5-4167-b984-f84877f34078",
      "licenseDeclared": "LicenseRef-9169fb33-e3b5-4167-b984-f84877f34078",
      "homepage": "https://www.pixelbeat.org/programming/gcc/static_assert.html",
      "downloadLocation": "https://www.pixelbeat.org/programming/gcc/static_assert.html",
      "originator": "Person: Pádraig Brady et al. (P@draigBrady.com)",
      "comment": "Modifications by NXP.\n\n./ct_assert.h",
      "externalRefs": [],
      "filesAnalyzed": false,
      "supplier": "NOASSERTION"
    }
  ],
  "relationships": [
    {
      "spdxElementId": "SPDXRef-DOCUMENT",
      "relationshipType": "DESCRIBES",
      "relatedSpdxElement": "SPDXRef-package-54affbc8-57ec-4ea0-af42-62380599ec4f"
    },
    {
      "spdxElementId": "SPDXRef-package-54affbc8-57ec-4ea0-af42-62380599ec4f",
      "relationshipType": "CONTAINS",
      "relatedSpdxElement": "SPDXRef-package-4f7a36c7-2024-43e0-b209-a651151b2e17"
    }
  ]
}